timestamp,sni
1777574267.396952,purdue.edu
1777574269.521907,purdue.brightspace.com
1777574271.651558,reddit.com
1777574273.716317,purdue.edu
1777574278.933830,ebay.com
1777574281.407454,paypal.com
1777574283.536320,ebay.com
1777574285.980999,amazon.com
1777574288.092674,paypal.com
1777574290.187881,venmo.com
1777574295.326610,google.com
1777574297.441556,cnn.com
1777574299.533353,nytimes.com
1777574301.604581,reddit.com
1777574303.668147,cnn.com
1777574305.853966,bbc.com
1777574310.926812,purdue.edu
1777574313.038627,purdue.brightspace.com
1777574315.215908,gradescope.com
1777574317.480511,piazza.com
1777574319.652527,purdue.brightspace.com
1777574324.782162,cnn.com
1777574326.867305,apnews.com
1777574329.055710,npr.org
1777574331.119146,bbc.com
1777574333.208723,reuters.com
1777574335.300113,apnews.com
1777574340.427043,google.com
1777574342.564797,walmart.com
1777574344.666815,google.com
1777574346.769893,amazon.com
1777574348.889021,bestbuy.com
1777574351.061630,amazon.com
1777574356.183203,purdue.edu
1777574360.353166,purdue.brightspace.com
1777574362.522808,gradescope.com
1777574367.774697,google.com
1777574369.908583,amazon.com
1777574372.021935,target.com
1777574374.099544,amazon.com
1777574379.238268,cnn.com
1777574381.302190,reddit.com
1777574383.362997,google.com
1777574385.452748,bbc.com
1777574387.525289,theguardian.com
1777574392.611601,purdue.edu
1777574394.712228,mypurdue.purdue.edu
1777574396.796796,purdue.brightspace.com
1777574398.905957,edstem.org
1777574400.996605,piazza.com
1777574408.184310,edstem.org
1777574410.301490,vocareum.com
1777574412.561205,edstem.org
1777574417.639623,amazon.com
1777574419.762379,walmart.com
1777574421.833928,paypal.com
1777574423.906805,ebay.com
1777574429.089089,google.com
1777574431.219301,nytimes.com
1777574433.290653,theguardian.com
1777574435.354525,nytimes.com
1777574437.432402,reuters.com
1777574442.554496,google.com
1777574444.652320,cnn.com
1777574446.721529,reddit.com
1777574448.786135,cnn.com
1777574450.862283,apnews.com
1777574452.991124,bbc.com
1777574458.086766,amazon.com
1777574460.204850,ebay.com
1777574462.376045,paypal.com
1777574464.448547,amazon.com