session_id,persona,sni,timestamp,hop
0,student,mail.purdue.edu,1777134219,0
0,student,purdue.brightspace.com,1777134223,1
0,student,gradescope.com,1777134224,2
0,student,reddit.com,1777134226,3
1,student,purdue.edu,1777134482,0
1,student,purdue.brightspace.com,1777134484,1
1,student,piazza.com,1777134485,2
1,student,purdue.brightspace.com,1777134488,3
2,student,google.com,1777134715,0
2,student,purdue.edu,1777134718,1
2,student,purdue.brightspace.com,1777134720,2
2,student,piazza.com,1777134725,3
2,student,gradescope.com,1777134730,4
3,shopper,ebay.com,1777135825,0
3,shopper,venmo.com,1777135829,1
3,shopper,ebay.com,1777135834,2
3,shopper,venmo.com,1777135838,3
3,shopper,paypal.com,1777135842,4
3,shopper,amazon.com,1777135846,5
4,student,google.com,1777134150,0
4,student,reddit.com,1777134155,1
4,student,google.com,1777134156,2
4,student,reddit.com,1777134159,3
5,news_reader,google.com,1777137958,0
5,news_reader,cnn.com,1777137959,1
5,news_reader,bbc.com,1777137962,2
5,news_reader,theguardian.com,1777137966,3
6,student,google.com,1777134084,0
6,student,lib.purdue.edu,1777134088,1
6,student,purdue.edu,1777134090,2
6,student,mail.purdue.edu,1777134091,3
6,student,piazza.com,1777134093,4
6,student,edstem.org,1777134097,5
7,shopper,amazon.com,1777136055,0
7,shopper,ebay.com,1777136060,1
7,shopper,craigslist.org,1777136064,2
7,shopper,ebay.com,1777136069,3
7,shopper,paypal.com,1777136073,4
7,shopper,amazon.com,1777136075,5
8,news_reader,bbc.com,1777137743,0
8,news_reader,nytimes.com,1777137746,1
8,news_reader,theguardian.com,1777137750,2
8,news_reader,bbc.com,1777137751,3
8,news_reader,theguardian.com,1777137754,4
8,news_reader,reuters.com,1777137756,5
9,news_reader,cnn.com,1777137451,0
9,news_reader,bbc.com,1777137456,1
9,news_reader,theguardian.com,1777137460,2
9,news_reader,nytimes.com,1777137463,3
10,student,mail.purdue.edu,1777134759,0
10,student,piazza.com,1777134761,1
10,student,gradescope.com,1777134765,2
10,student,reddit.com,1777134770,3
11,shopper,amazon.com,1777135977,0
11,shopper,bestbuy.com,1777135979,1
11,shopper,paypal.com,1777135983,2
11,shopper,ebay.com,1777135986,3
11,shopper,venmo.com,1777135990,4
11,shopper,ebay.com,1777135992,5
12,news_reader,google.com,1777137702,0
12,news_reader,cnn.com,1777137707,1
12,news_reader,reddit.com,1777137711,2
12,news_reader,nytimes.com,1777137716,3
12,news_reader,theguardian.com,1777137718,4
12,news_reader,reuters.com,1777137721,5
13,news_reader,cnn.com,1777138514,0
13,news_reader,reddit.com,1777138515,1
13,news_reader,cnn.com,1777138517,2
13,news_reader,nytimes.com,1777138520,3
13,news_reader,theguardian.com,1777138524,4
14,shopper,amazon.com,1777136204,0
14,shopper,ebay.com,1777136208,1
14,shopper,amazon.com,1777136210,2
14,shopper,paypal.com,1777136213,3
15,news_reader,cnn.com,1777137596,0
15,news_reader,nytimes.com,1777137601,1
15,news_reader,reddit.com,1777137602,2
15,news_reader,cnn.com,1777137605,3
15,news_reader,bbc.com,1777137609,4
16,news_reader,google.com,1777137479,0
16,news_reader,nytimes.com,1777137482,1
16,news_reader,reuters.com,1777137484,2
16,news_reader,apnews.com,1777137487,3
16,news_reader,bbc.com,1777137491,4
16,news_reader,reuters.com,1777137496,5
17,student,purdue.edu,1777133358,0
17,student,mail.purdue.edu,1777133360,1
17,student,gradescope.com,1777133364,2
17,student,edstem.org,1777133368,3
17,student,vocareum.com,1777133371,4
17,student,gradescope.com,1777133376,5
18,shopper,ebay.com,1777135459,0
18,shopper,paypal.com,1777135462,1
18,shopper,ebay.com,1777135464,2
18,shopper,paypal.com,1777135467,3
19,shopper,amazon.com,1777135556,0
19,shopper,bestbuy.com,1777135561,1
19,shopper,target.com,1777135564,2
19,shopper,amazon.com,1777135567,3
19,shopper,ebay.com,1777135569,4
20,news_reader,google.com,1777137178,0
20,news_reader,cnn.com,1777137179,1
20,news_reader,foxnews.com,1777137183,2
20,news_reader,apnews.com,1777137184,3
20,news_reader,cnn.com,1777137187,4
21,news_reader,cnn.com,1777137981,0
21,news_reader,bbc.com,1777137983,1
21,news_reader,theguardian.com,1777137988,2
21,news_reader,bbc.com,1777137992,3
21,news_reader,reuters.com,1777137996,4
21,news_reader,google.com,1777138000,5
22,news_reader,google.com,1777137283,0
22,news_reader,bbc.com,1777137286,1
22,news_reader,nytimes.com,1777137287,2
22,news_reader,reuters.com,1777137290,3
23,shopper,amazon.com,1777135873,0
23,shopper,paypal.com,1777135875,1
23,shopper,amazon.com,1777135878,2
23,shopper,paypal.com,1777135882,3
23,shopper,amazon.com,1777135885,4
23,shopper,paypal.com,1777135890,5
24,shopper,google.com,1777136811,0
24,shopper,amazon.com,1777136814,1
24,shopper,target.com,1777136818,2
24,shopper,paypal.com,1777136821,3
24,shopper,google.com,1777136824,4
24,shopper,walmart.com,1777136826,5
25,student,purdue.edu,1777135002,0
25,student,purdue.brightspace.com,1777135006,1
25,student,piazza.com,1777135010,2
25,student,gradescope.com,1777135012,3
26,news_reader,cnn.com,1777138111,0
26,news_reader,foxnews.com,1777138115,1
26,news_reader,apnews.com,1777138118,2
26,news_reader,cnn.com,1777138121,3
26,news_reader,bbc.com,1777138126,4
26,news_reader,theguardian.com,1777138129,5
27,shopper,amazon.com,1777136175,0
27,shopper,paypal.com,1777136179,1
27,shopper,amazon.com,1777136183,2
27,shopper,ebay.com,1777136186,3
28,news_reader,google.com,1777138541,0
28,news_reader,reddit.com,1777138546,1
28,news_reader,bbc.com,1777138549,2
28,news_reader,nytimes.com,1777138551,3
28,news_reader,reuters.com,1777138556,4
28,news_reader,google.com,1777138560,5
29,shopper,ebay.com,1777136332,0
29,shopper,paypal.com,1777136333,1
29,shopper,google.com,1777136337,2
29,shopper,ebay.com,1777136340,3
30,student,google.com,1777133805,0
30,student,reddit.com,1777133807,1
30,student,purdue.edu,1777133809,2
30,student,purdue.brightspace.com,1777133811,3
30,student,piazza.com,1777133816,4
31,student,mail.purdue.edu,1777134937,0
31,student,gradescope.com,1777134940,1
31,student,reddit.com,1777134942,2
31,student,purdue.edu,1777134944,3
31,student,mail.purdue.edu,1777134948,4
32,news_reader,cnn.com,1777136930,0
32,news_reader,bbc.com,1777136931,1
32,news_reader,reuters.com,1777136936,2
32,news_reader,apnews.com,1777136940,3
32,news_reader,reuters.com,1777136945,4
33,shopper,amazon.com,1777136498,0
33,shopper,paypal.com,1777136501,1
33,shopper,amazon.com,1777136505,2
33,shopper,paypal.com,1777136508,3
33,shopper,ebay.com,1777136512,4
34,news_reader,google.com,1777137366,0
34,news_reader,cnn.com,1777137370,1
34,news_reader,bbc.com,1777137372,2
34,news_reader,cnn.com,1777137374,3
34,news_reader,reddit.com,1777137376,4
35,news_reader,google.com,1777137900,0
35,news_reader,bbc.com,1777137904,1
35,news_reader,reuters.com,1777137908,2
35,news_reader,bbc.com,1777137911,3
36,shopper,ebay.com,1777135946,0
36,shopper,venmo.com,1777135950,1
36,shopper,google.com,1777135955,2
36,shopper,walmart.com,1777135957,3
37,student,purdue.edu,1777134784,0
37,student,lib.purdue.edu,1777134786,1
37,student,purdue.edu,1777134789,2
37,student,mail.purdue.edu,1777134791,3
38,shopper,amazon.com,1777136784,0
38,shopper,ebay.com,1777136789,1
38,shopper,paypal.com,1777136791,2
38,shopper,amazon.com,1777136793,3
39,news_reader,google.com,1777138478,0
39,news_reader,cnn.com,1777138481,1
39,news_reader,bbc.com,1777138486,2
39,news_reader,reuters.com,1777138490,3
39,news_reader,bbc.com,1777138493,4
39,news_reader,reuters.com,1777138495,5
40,news_reader,google.com,1777138613,0
40,news_reader,bbc.com,1777138617,1
40,news_reader,nytimes.com,1777138620,2
40,news_reader,theguardian.com,1777138623,3
40,news_reader,nytimes.com,1777138624,4
40,news_reader,bbc.com,1777138628,5
41,shopper,google.com,1777136533,0
41,shopper,reddit.com,1777136535,1
41,shopper,ebay.com,1777136539,2
41,shopper,paypal.com,1777136541,3
41,shopper,ebay.com,1777136544,4
41,shopper,craigslist.org,1777136546,5
42,student,mail.purdue.edu,1777133441,0
42,student,gradescope.com,1777133445,1
42,student,piazza.com,1777133448,2
42,student,edstem.org,1777133450,3
43,shopper,ebay.com,1777135658,0
43,shopper,amazon.com,1777135662,1
43,shopper,paypal.com,1777135665,2
43,shopper,venmo.com,1777135669,3
44,news_reader,google.com,1777137305,0
44,news_reader,bbc.com,1777137307,1
44,news_reader,reuters.com,1777137311,2
44,news_reader,bbc.com,1777137314,3
44,news_reader,theguardian.com,1777137318,4
45,shopper,amazon.com,1777136227,0
45,shopper,target.com,1777136230,1
45,shopper,amazon.com,1777136231,2
45,shopper,ebay.com,1777136234,3
45,shopper,venmo.com,1777136237,4
45,shopper,paypal.com,1777136238,5
46,shopper,amazon.com,1777136469,0
46,shopper,paypal.com,1777136471,1
46,shopper,google.com,1777136473,2
46,shopper,walmart.com,1777136477,3
46,shopper,paypal.com,1777136478,4
47,student,purdue.edu,1777134512,0
47,student,purdue.brightspace.com,1777134514,1
47,student,gradescope.com,1777134516,2
47,student,piazza.com,1777134520,3
48,student,mail.purdue.edu,1777134822,0
48,student,gradescope.com,1777134823,1
48,student,edstem.org,1777134825,2
48,student,vocareum.com,1777134830,3
49,student,google.com,1777133658,0
49,student,purdue.edu,1777133660,1
49,student,lib.purdue.edu,1777133665,2
49,student,google.com,1777133670,3
49,student,purdue.edu,1777133673,4
49,student,lib.purdue.edu,1777133675,5
50,news_reader,cnn.com,1777136885,0
50,news_reader,foxnews.com,1777136887,1
50,news_reader,reddit.com,1777136892,2
50,news_reader,nytimes.com,1777136894,3
50,news_reader,reuters.com,1777136899,4
50,news_reader,nytimes.com,1777136903,5
51,news_reader,cnn.com,1777137393,0
51,news_reader,foxnews.com,1777137396,1
51,news_reader,cnn.com,1777137398,2
51,news_reader,bbc.com,1777137403,3
51,news_reader,reuters.com,1777137408,4
52,shopper,amazon.com,1777135491,0
52,shopper,target.com,1777135493,1
52,shopper,paypal.com,1777135495,2
52,shopper,ebay.com,1777135498,3
53,shopper,ebay.com,1777135513,0
53,shopper,amazon.com,1777135516,1
53,shopper,paypal.com,1777135521,2
53,shopper,ebay.com,1777135525,3
54,student,google.com,1777134858,0
54,student,purdue.edu,1777134862,1
54,student,mypurdue.purdue.edu,1777134865,2
54,student,mail.purdue.edu,1777134869,3
54,student,piazza.com,1777134871,4
54,student,edstem.org,1777134874,5
55,student,purdue.edu,1777135079,0
55,student,mail.purdue.edu,1777135084,1
55,student,gradescope.com,1777135086,2
55,student,vocareum.com,1777135088,3
55,student,edstem.org,1777135090,4
56,news_reader,google.com,1777138073,0
56,news_reader,cnn.com,1777138077,1
56,news_reader,bbc.com,1777138078,2
56,news_reader,theguardian.com,1777138080,3
57,news_reader,bbc.com,1777136967,0
57,news_reader,reuters.com,1777136971,1
57,news_reader,nytimes.com,1777136974,2
57,news_reader,theguardian.com,1777136975,3
57,news_reader,reddit.com,1777136977,4
57,news_reader,bbc.com,1777136981,5
58,student,google.com,1777134047,0
58,student,purdue.edu,1777134050,1
58,student,purdue.brightspace.com,1777134052,2
58,student,edstem.org,1777134055,3
58,student,reddit.com,1777134057,4
59,student,google.com,1777134618,0
59,student,purdue.edu,1777134619,1
59,student,purdue.brightspace.com,1777134621,2
59,student,edstem.org,1777134624,3
59,student,vocareum.com,1777134627,4
59,student,gradescope.com,1777134631,5
60,news_reader,cnn.com,1777138027,0
60,news_reader,reddit.com,1777138031,1
60,news_reader,bbc.com,1777138034,2
60,news_reader,reuters.com,1777138038,3
60,news_reader,bbc.com,1777138039,4
60,news_reader,nytimes.com,1777138042,5
61,shopper,google.com,1777136638,0
61,shopper,ebay.com,1777136639,1
61,shopper,craigslist.org,1777136641,2
61,shopper,ebay.com,1777136645,3
62,shopper,google.com,1777135183,0
62,shopper,amazon.com,1777135187,1
62,shopper,bestbuy.com,1777135191,2
62,shopper,amazon.com,1777135194,3
62,shopper,paypal.com,1777135199,4
62,shopper,venmo.com,1777135203,5
63,shopper,ebay.com,1777135792,0
63,shopper,paypal.com,1777135793,1
63,shopper,amazon.com,1777135796,2
63,shopper,bestbuy.com,1777135800,3
63,shopper,amazon.com,1777135805,4
64,student,google.com,1777134645,0
64,student,purdue.edu,1777134646,1
64,student,mypurdue.purdue.edu,1777134650,2
64,student,mail.purdue.edu,1777134655,3
64,student,piazza.com,1777134659,4
64,student,edstem.org,1777134663,5
65,shopper,google.com,1777135599,0
65,shopper,walmart.com,1777135602,1
65,shopper,amazon.com,1777135604,2
65,shopper,target.com,1777135607,3
65,shopper,etsy.com,1777135610,4
65,shopper,target.com,1777135614,5
66,news_reader,cnn.com,1777138309,0
66,news_reader,reddit.com,1777138313,1
66,news_reader,google.com,1777138316,2
66,news_reader,reddit.com,1777138320,3
66,news_reader,nytimes.com,1777138322,4
67,student,google.com,1777133573,0
67,student,reddit.com,1777133577,1
67,student,purdue.edu,1777133579,2
67,student,purdue.brightspace.com,1777133582,3
67,student,reddit.com,1777133586,4
67,student,google.com,1777133589,5
68,student,google.com,1777134294,0
68,student,lib.purdue.edu,1777134298,1
68,student,mypurdue.purdue.edu,1777134300,2
68,student,reddit.com,1777134303,3
68,student,piazza.com,1777134306,4
69,news_reader,google.com,1777136853,0
69,news_reader,reddit.com,1777136854,1
69,news_reader,nytimes.com,1777136856,2
69,news_reader,reddit.com,1777136860,3
69,news_reader,cnn.com,1777136864,4
70,news_reader,google.com,1777138434,0
70,news_reader,cnn.com,1777138437,1
70,news_reader,nytimes.com,1777138439,2
70,news_reader,bbc.com,1777138443,3
70,news_reader,reuters.com,1777138447,4
71,shopper,ebay.com,1777135320,0
71,shopper,craigslist.org,1777135325,1
71,shopper,venmo.com,1777135329,2
71,shopper,paypal.com,1777135333,3
72,shopper,google.com,1777135156,0
72,shopper,amazon.com,1777135159,1
72,shopper,bestbuy.com,1777135161,2
72,shopper,target.com,1777135163,3
72,shopper,paypal.com,1777135165,4
73,student,google.com,1777133515,0
73,student,purdue.edu,1777133516,1
73,student,purdue.brightspace.com,1777133518,2
73,student,gradescope.com,1777133523,3
74,news_reader,google.com,1777137924,0
74,news_reader,bbc.com,1777137927,1
74,news_reader,theguardian.com,1777137931,2
74,news_reader,bbc.com,1777137932,3
74,news_reader,cnn.com,1777137935,4
74,news_reader,bbc.com,1777137938,5
75,student,purdue.edu,1777133543,0
75,student,purdue.brightspace.com,1777133545,1
75,student,piazza.com,1777133549,2
75,student,purdue.brightspace.com,1777133552,3
75,student,piazza.com,1777133555,4
75,student,gradescope.com,1777133560,5
76,shopper,ebay.com,1777136130,0
76,shopper,craigslist.org,1777136133,1
76,shopper,ebay.com,1777136137,2
76,shopper,amazon.com,1777136142,3
77,shopper,amazon.com,1777135354,0
77,shopper,target.com,1777135356,1
77,shopper,etsy.com,1777135358,2
77,shopper,amazon.com,1777135363,3
77,shopper,paypal.com,1777135366,4
77,shopper,amazon.com,1777135367,5
78,news_reader,bbc.com,1777138395,0
78,news_reader,theguardian.com,1777138397,1
78,news_reader,nytimes.com,1777138401,2
78,news_reader,theguardian.com,1777138405,3
79,shopper,google.com,1777136015,0
79,shopper,amazon.com,1777136018,1
79,shopper,paypal.com,1777136023,2
79,shopper,amazon.com,1777136026,3
79,shopper,paypal.com,1777136030,4
79,shopper,venmo.com,1777136033,5
80,student,google.com,1777133772,0
80,student,mail.purdue.edu,1777133777,1
80,student,gradescope.com,1777133778,2
80,student,vocareum.com,1777133782,3
81,news_reader,google.com,1777138156,0
81,news_reader,nytimes.com,1777138159,1
81,news_reader,theguardian.com,1777138161,2
81,news_reader,reddit.com,1777138166,3
81,news_reader,nytimes.com,1777138170,4
81,news_reader,bbc.com,1777138174,5
82,student,google.com,1777134257,0
82,student,purdue.edu,1777134261,1
82,student,purdue.brightspace.com,1777134262,2
82,student,reddit.com,1777134264,3
82,student,lib.purdue.edu,1777134266,4
83,student,google.com,1777134396,0
83,student,reddit.com,1777134397,1
83,student,purdue.edu,1777134402,2
83,student,mail.purdue.edu,1777134406,3
83,student,piazza.com,1777134409,4
83,student,edstem.org,1777134410,5
84,news_reader,cnn.com,1777137044,0
84,news_reader,bbc.com,1777137047,1
84,news_reader,reuters.com,1777137048,2
84,news_reader,google.com,1777137052,3
84,news_reader,reddit.com,1777137053,4
85,shopper,google.com,1777136095,0
85,shopper,amazon.com,1777136098,1
85,shopper,walmart.com,1777136099,2
85,shopper,paypal.com,1777136102,3
85,shopper,ebay.com,1777136106,4
85,shopper,amazon.com,1777136107,5
86,shopper,google.com,1777135220,0
86,shopper,amazon.com,1777135221,1
86,shopper,paypal.com,1777135224,2
86,shopper,venmo.com,1777135226,3
86,shopper,amazon.com,1777135230,4
86,shopper,target.com,1777135234,5
87,news_reader,bbc.com,1777137662,0
87,news_reader,reuters.com,1777137666,1
87,news_reader,bbc.com,1777137670,2
87,news_reader,reuters.com,1777137671,3
87,news_reader,bbc.com,1777137674,4
87,news_reader,cnn.com,1777137676,5
88,student,purdue.edu,1777133477,0
88,student,mypurdue.purdue.edu,1777133479,1
88,student,purdue.edu,1777133480,2
88,student,mail.purdue.edu,1777133485,3
89,student,google.com,1777133831,0
89,student,purdue.edu,1777133835,1
89,student,purdue.brightspace.com,1777133837,2
89,student,piazza.com,1777133839,3
89,student,reddit.com,1777133841,4
89,student,lib.purdue.edu,1777133844,5
90,student,mail.purdue.edu,1777134179,0
90,student,gradescope.com,1777134181,1
90,student,piazza.com,1777134182,2
90,student,gradescope.com,1777134187,3
91,student,purdue.edu,1777134582,0
91,student,mypurdue.purdue.edu,1777134584,1
91,student,purdue.brightspace.com,1777134587,2
91,student,piazza.com,1777134591,3
91,student,gradescope.com,1777134595,4
91,student,edstem.org,1777134597,5
92,student,purdue.edu,1777134019,0
92,student,purdue.brightspace.com,1777134021,1
92,student,piazza.com,1777134025,2
92,student,reddit.com,1777134028,3
93,news_reader,google.com,1777137424,0
93,news_reader,bbc.com,1777137427,1
93,news_reader,reuters.com,1777137429,2
93,news_reader,nytimes.com,1777137433,3
93,news_reader,theguardian.com,1777137436,4
93,news_reader,reuters.com,1777137438,5
94,shopper,ebay.com,1777135393,0
94,shopper,paypal.com,1777135396,1
94,shopper,ebay.com,1777135399,2
94,shopper,paypal.com,1777135404,3
94,shopper,google.com,1777135407,4
95,student,purdue.edu,1777134435,0
95,student,mail.purdue.edu,1777134439,1
95,student,edstem.org,1777134443,2
95,student,gradescope.com,1777134447,3
95,student,edstem.org,1777134449,4
96,student,purdue.edu,1777134360,0
96,student,mypurdue.purdue.edu,1777134364,1
96,student,mail.purdue.edu,1777134366,2
96,student,edstem.org,1777134371,3
96,student,gradescope.com,1777134375,4
96,student,reddit.com,1777134376,5
97,student,google.com,1777135033,0
97,student,reddit.com,1777135038,1
97,student,purdue.edu,1777135041,2
97,student,purdue.brightspace.com,1777135043,3
97,student,edstem.org,1777135047,4
97,student,reddit.com,1777135051,5
98,news_reader,google.com,1777137860,0
98,news_reader,reddit.com,1777137865,1
98,news_reader,google.com,1777137870,2
98,news_reader,cnn.com,1777137873,3
98,news_reader,nytimes.com,1777137875,4
99,shopper,amazon.com,1777135261,0
99,shopper,ebay.com,1777135264,1
99,shopper,amazon.com,1777135269,2
99,shopper,paypal.com,1777135270,3
100,news_reader,google.com,1777137557,0
100,news_reader,bbc.com,1777137562,1
100,news_reader,theguardian.com,1777137564,2
100,news_reader,nytimes.com,1777137566,3
100,news_reader,reddit.com,1777137569,4
100,news_reader,bbc.com,1777137571,5
101,shopper,google.com,1777136571,0
101,shopper,amazon.com,1777136576,1
101,shopper,target.com,1777136577,2
101,shopper,amazon.com,1777136581,3
101,shopper,ebay.com,1777136584,4
102,shopper,ebay.com,1777136356,0
102,shopper,paypal.com,1777136361,1
102,shopper,amazon.com,1777136366,2
102,shopper,paypal.com,1777136368,3
102,shopper,ebay.com,1777136369,4
103,shopper,amazon.com,1777135429,0
103,shopper,bestbuy.com,1777135432,1
103,shopper,amazon.com,1777135435,2
103,shopper,paypal.com,1777135437,3
104,student,purdue.edu,1777134675,0
104,student,mypurdue.purdue.edu,1777134679,1
104,student,reddit.com,1777134684,2
104,student,purdue.edu,1777134689,3
104,student,mail.purdue.edu,1777134693,4
105,student,google.com,1777133404,0
105,student,reddit.com,1777133405,1
105,student,piazza.com,1777133407,2
105,student,edstem.org,1777133408,3
105,student,piazza.com,1777133411,4
105,student,edstem.org,1777133414,5
106,news_reader,bbc.com,1777137783,0
106,news_reader,reuters.com,1777137784,1
106,news_reader,bbc.com,1777137787,2
106,news_reader,reuters.com,1777137790,3
106,news_reader,apnews.com,1777137792,4
107,news_reader,cnn.com,1777138586,0
107,news_reader,bbc.com,1777138589,1
107,news_reader,reuters.com,1777138594,2
107,news_reader,google.com,1777138598,3
108,news_reader,bbc.com,1777137080,0
108,news_reader,nytimes.com,1777137082,1
108,news_reader,reddit.com,1777137084,2
108,news_reader,cnn.com,1777137086,3
108,news_reader,reddit.com,1777137090,4
108,news_reader,cnn.com,1777137093,5
109,student,google.com,1777134321,0
109,student,purdue.edu,1777134324,1
109,student,purdue.brightspace.com,1777134329,2
109,student,piazza.com,1777134334,3
109,student,edstem.org,1777134338,4
110,shopper,google.com,1777136597,0
110,shopper,amazon.com,1777136602,1
110,shopper,bestbuy.com,1777136606,2
110,shopper,amazon.com,1777136609,3
110,shopper,bestbuy.com,1777136611,4
111,news_reader,bbc.com,1777138354,0
111,news_reader,cnn.com,1777138356,1
111,news_reader,bbc.com,1777138361,2
111,news_reader,cnn.com,1777138364,3
111,news_reader,apnews.com,1777138369,4
112,shopper,amazon.com,1777135684,0
112,shopper,paypal.com,1777135687,1
112,shopper,google.com,1777135688,2
112,shopper,walmart.com,1777135692,3
112,shopper,target.com,1777135693,4
112,shopper,walmart.com,1777135696,5
113,shopper,google.com,1777135123,0
113,shopper,ebay.com,1777135127,1
113,shopper,paypal.com,1777135131,2
113,shopper,amazon.com,1777135132,3
113,shopper,paypal.com,1777135135,4
113,shopper,amazon.com,1777135140,5
114,shopper,google.com,1777135715,0
114,shopper,ebay.com,1777135718,1
114,shopper,paypal.com,1777135722,2
114,shopper,google.com,1777135724,3
114,shopper,amazon.com,1777135727,4
115,student,google.com,1777134120,0
115,student,purdue.edu,1777134123,1
115,student,mypurdue.purdue.edu,1777134124,2
115,student,purdue.edu,1777134128,3
116,news_reader,google.com,1777138268,0
116,news_reader,cnn.com,1777138272,1
116,news_reader,reddit.com,1777138276,2
116,news_reader,bbc.com,1777138279,3
117,student,google.com,1777134896,0
117,student,reddit.com,1777134901,1
117,student,lib.purdue.edu,1777134905,2
117,student,mypurdue.purdue.edu,1777134908,3
117,student,purdue.edu,1777134913,4
118,news_reader,google.com,1777137215,0
118,news_reader,cnn.com,1777137219,1
118,news_reader,foxnews.com,1777137221,2
118,news_reader,apnews.com,1777137223,3
118,news_reader,cnn.com,1777137224,4
119,shopper,amazon.com,1777136257,0
119,shopper,bestbuy.com,1777136261,1
119,shopper,amazon.com,1777136264,2
119,shopper,bestbuy.com,1777136267,3
119,shopper,amazon.com,1777136272,4
119,shopper,walmart.com,1777136275,5
120,news_reader,google.com,1777138238,0
120,news_reader,cnn.com,1777138242,1
120,news_reader,reddit.com,1777138245,2
120,news_reader,nytimes.com,1777138247,3
120,news_reader,theguardian.com,1777138249,4
121,shopper,amazon.com,1777135751,0
121,shopper,walmart.com,1777135755,1
121,shopper,target.com,1777135758,2
121,shopper,walmart.com,1777135761,3
121,shopper,google.com,1777135766,4
122,news_reader,bbc.com,1777137248,0
122,news_reader,reuters.com,1777137249,1
122,news_reader,nytimes.com,1777137252,2
122,news_reader,theguardian.com,1777137254,3
122,news_reader,reuters.com,1777137256,4
123,shopper,amazon.com,1777136297,0
123,shopper,bestbuy.com,1777136301,1
123,shopper,paypal.com,1777136305,2
123,shopper,amazon.com,1777136308,3
124,news_reader,cnn.com,1777137636,0
124,news_reader,foxnews.com,1777137638,1
124,news_reader,apnews.com,1777137642,2
124,news_reader,cnn.com,1777137645,3
125,shopper,ebay.com,1777136398,0
125,shopper,amazon.com,1777136400,1
125,shopper,walmart.com,1777136403,2
125,shopper,google.com,1777136408,3
125,shopper,ebay.com,1777136412,4
126,student,mail.purdue.edu,1777133694,0
126,student,piazza.com,1777133696,1
126,student,purdue.brightspace.com,1777133697,2
126,student,piazza.com,1777133701,3
126,student,gradescope.com,1777133704,4
126,student,piazza.com,1777133706,5
127,news_reader,bbc.com,1777137817,0
127,news_reader,nytimes.com,1777137821,1
127,news_reader,reuters.com,1777137826,2
127,news_reader,apnews.com,1777137828,3
128,shopper,amazon.com,1777136705,0
128,shopper,bestbuy.com,1777136710,1
128,shopper,walmart.com,1777136714,2
128,shopper,paypal.com,1777136718,3
128,shopper,amazon.com,1777136720,4
128,shopper,paypal.com,1777136722,5
129,news_reader,bbc.com,1777137335,0
129,news_reader,reuters.com,1777137337,1
129,news_reader,google.com,1777137340,2
129,news_reader,bbc.com,1777137344,3
130,shopper,amazon.com,1777136745,0
130,shopper,bestbuy.com,1777136746,1
130,shopper,walmart.com,1777136748,2
130,shopper,target.com,1777136753,3
130,shopper,amazon.com,1777136756,4
131,shopper,google.com,1777136676,0
131,shopper,amazon.com,1777136678,1
131,shopper,ebay.com,1777136679,2
131,shopper,venmo.com,1777136681,3
132,news_reader,google.com,1777137114,0
132,news_reader,cnn.com,1777137116,1
132,news_reader,reddit.com,1777137118,2
132,news_reader,cnn.com,1777137122,3
133,student,purdue.edu,1777134539,0
133,student,purdue.brightspace.com,1777134541,1
133,student,edstem.org,1777134545,2
133,student,gradescope.com,1777134549,3
133,student,edstem.org,1777134554,4
133,student,piazza.com,1777134559,5
134,student,google.com,1777134972,0
134,student,mail.purdue.edu,1777134974,1
134,student,purdue.brightspace.com,1777134976,2
134,student,piazza.com,1777134980,3
134,student,reddit.com,1777134981,4
135,news_reader,cnn.com,1777137001,0
135,news_reader,foxnews.com,1777137006,1
135,news_reader,google.com,1777137010,2
135,news_reader,cnn.com,1777137012,3
135,news_reader,nytimes.com,1777137017,4
135,news_reader,theguardian.com,1777137021,5
136,shopper,amazon.com,1777135918,0
136,shopper,walmart.com,1777135923,1
136,shopper,google.com,1777135925,2
136,shopper,walmart.com,1777135928,3
136,shopper,amazon.com,1777135931,4
137,student,google.com,1777133619,0
137,student,reddit.com,1777133622,1
137,student,lib.purdue.edu,1777133627,2
137,student,google.com,1777133629,3
137,student,lib.purdue.edu,1777133630,4
138,news_reader,google.com,1777137511,0
138,news_reader,reddit.com,1777137512,1
138,news_reader,cnn.com,1777137517,2
138,news_reader,reddit.com,1777137519,3
138,news_reader,bbc.com,1777137522,4
138,news_reader,nytimes.com,1777137527,5
139,student,purdue.edu,1777133958,0
139,student,mail.purdue.edu,1777133959,1
139,student,purdue.brightspace.com,1777133962,2
139,student,reddit.com,1777133964,3
140,student,mail.purdue.edu,1777133877,0
140,student,purdue.brightspace.com,1777133882,1
140,student,edstem.org,1777133884,2
140,student,vocareum.com,1777133886,3
141,news_reader,google.com,1777138206,0
141,news_reader,reddit.com,1777138207,1
141,news_reader,bbc.com,1777138210,2
141,news_reader,cnn.com,1777138214,3
141,news_reader,reddit.com,1777138218,4
141,news_reader,nytimes.com,1777138220,5
142,student,mail.purdue.edu,1777133917,0
142,student,gradescope.com,1777133921,1
142,student,piazza.com,1777133924,2
142,student,gradescope.com,1777133929,3
142,student,vocareum.com,1777133932,4
143,shopper,google.com,1777136444,0
143,shopper,walmart.com,1777136446,1
143,shopper,amazon.com,1777136448,2
143,shopper,walmart.com,1777136449,3
143,shopper,amazon.com,1777136452,4
143,shopper,ebay.com,1777136454,5
144,news_reader,cnn.com,1777137152,0
144,news_reader,nytimes.com,1777137153,1
144,news_reader,theguardian.com,1777137156,2
144,news_reader,bbc.com,1777137157,3
144,news_reader,theguardian.com,1777137162,4
145,student,purdue.edu,1777133729,0
145,student,purdue.brightspace.com,1777133733,1
145,student,edstem.org,1777133737,2
145,student,vocareum.com,1777133741,3
145,student,edstem.org,1777133743,4
145,student,gradescope.com,1777133744,5
146,student,mail.purdue.edu,1777133987,0
146,student,edstem.org,1777133990,1
146,student,gradescope.com,1777133993,2
146,student,vocareum.com,1777133994,3
146,student,gradescope.com,1777133998,4
146,student,vocareum.com,1777134000,5
147,shopper,amazon.com,1777135294,0
147,shopper,paypal.com,1777135297,1
147,shopper,amazon.com,1777135299,2
147,shopper,bestbuy.com,1777135302,3
147,shopper,target.com,1777135306,4
148,student,google.com,1777133316,0
148,student,purdue.edu,1777133320,1
148,student,purdue.brightspace.com,1777133322,2
148,student,edstem.org,1777133326,3
148,student,vocareum.com,1777133329,4
148,student,edstem.org,1777133330,5
149,shopper,google.com,1777135628,0
149,shopper,walmart.com,1777135630,1
149,shopper,google.com,1777135631,2
149,shopper,amazon.com,1777135632,3
149,shopper,target.com,1777135636,4
149,shopper,paypal.com,1777135638,5
